1001,apple pan the,10801 w. pico blvd.,310-475-3585,3.5
1002,asahi ramen,2027 sawtelle blvd.,310-479-2231,4.25
1003,baja fresh,3345 kimber dr.,805-498-4049,3.71
1004,belvedere  the,9882 little santa monica blvd.,310-788-2306,4.81
1005,benita's frites,1433 third st. promenade,310-458-2889,3.8
1006,bernard's,515 s. olive st.,213-612-1580,3.64
1007,bistro 45,45 s. mentor ave.,818-795-2478,3.75
1008,brent's deli,19565 parthenia ave.,818-886-5679,3.8
1009,brighton coffee shop,9600 brighton way,310-276-7732,4.25
1010,bristol farms market cafe,1570 rosecrans ave. s.,310-643-5229,4
1011,bruno's,3838 centinela ave.,310-397-5703,3
1012,cafe'50s,838 lincoln blvd.,310-399-1955,4
1013,cafe blanc,9777 little santa monica blvd.,310-888-0108,5
1014,cassell's,3266 w. sixth st.,213-480-8668,3.83
1015,chez melange,1716 pch,310-540-1222,4.29
1016,diaghilev,1020 n. san vicente blvd.,310-854-1111,4.45
1017,don antonio's,1136 westwood blvd.,310-209-1422,3.67
1018,duke's,8909 sunset blvd.,310-652-3100,4.4
1019,falafel king,1059 broxton ave.,310-208-4444,3.4
1020,feast from the east,1949 westwood blvd.,310-475-0400,3.75
1021,gumbo pot the,6333 w. third st.,213-933-0358,3.5
1022,hollywood hills coffee sh,6145 franklin ave.,213-467-7678,4.67
1023,indo cafe,10428 1/2 national blvd.,310-815-1290,4
1024,jan's family restaurant,8424 beverly blvd.,213-651-2866,5
1025,jiraffe,502 santa monica blvd,310-917-6671,0
1026,jody maroni's sausage kin,2011 ocean front walk,310-306-1995,3.67
1027,joe's,1023 abbot kinney blvd.,310-399-5811,4.22
1028,john o'groats,10516 w. pico blvd.,310-204-0692,4
1029,johnnie's pastrami,4017 s. sepulveda blvd.,310-397-6654,4.33
1030,johnny reb's southern smo,4663 long beach blvd.,310-423-7327,4.5
1031,johnny rockets (la),7507 melrose ave.,213-651-3361,1.67
1032,killer shrimp,4000 colfax ave.,818-508-1570,3.5
1033,kokomo cafe,6333 w. third st.,213-933-0773,3.8
1034,koo koo roo,8393 w. beverly blvd.,213-655-9045,3.5
1035,la cachette,10506 little santa monica blvd.,310-470-4992,4.2
1036,la salsa (la),22800 pch,310-456-6299,4.5
1037,la serenata de garibaldi,1842 e. first,213-265-2887,3
1038,langer's,704 s. alvarado st.,213-483-8050,3.67
1039,local nochol,30869 thousand oaks blvd.,818-706-7706,5
1040,main course  the,10509 w. pico blvd.,310-475-7564,3.67
1041,mani's bakery & espresso ,519 s. fairfax ave.,213-938-8800,3.5
1042,martha's,22nd street grill 25 22nd,310-376-7786,4
1043,maxwell's cafe,13329 washington blvd.,310-306-7829,3
1044,michael's (los angeles),1147 third st.,310-451-0843,4.67
1045,mishima,8474 w. third st.,213-782-0181,4.25
1046,mo better meatty meat,7261 melrose ave.,213-935-5280,4
1047,mulberry st.,17040 ventura blvd.,818-906-8881,3.67
1048,ocean park cafe,3117 ocean park blvd.,310-452-5728,4
1049,ocean star,145 n. atlantic blvd.,818-308-2128,3.37
1050,original pantry bakery,875 s. figueroa st. downtown,213-627-6879,2
1051,parkway grill,510 s. arroyo pkwy.,818-795-1001,4
1052,pho hoa,642 broadway,213-626-5530,4
1053,pink's famous chili dogs,709 n. la brea ave.,213-931-4223,3.4
1054,poquito mas,2635 w. olive ave.,818-563-2252,4
1055,r-23,923 e. third st.,213-687-7178,4.17
1056,rae's,2901 pico blvd.,310-828-7937,3.67
1057,rubin's red hots,15322 ventura blvd.,818-905-6515,5
1058,ruby's (la),45 s. fair oaks ave.,818-796-7829,4.33
1059,russell's burgers,1198 pch,310-596-9556,4.5
1060,ruth's chris steak house ,224 s. beverly dr.,310-859-8744,3.68
1061,shiro,1505 mission st. s.,818-799-4774,4
1062,sushi nozawa,11288 ventura blvd.,818-508-7017,3.83
1063,sweet lady jane,8360 melrose ave.,213-653-7145,4.33
1064,taiko,11677 san vicente blvd.,310-207-7782,2.75
1065,tommy's,2575 beverly blvd.,213-389-9060,4.5
1066,uncle bill's pancake hous,1305 highland ave.,310-545-5177,5
1067,water grill,544 s. grand ave.,213-891-0900,3.86
1068,zankou chicken,1415 e. colorado st.,818-244-1937,4.56
1069,afghan kebab house,764 ninth ave.,212-307-1612,4.57
1070,arcadia,21 e. 62nd st.,212-223-2900,3.75
1071,benny's burritos,93 ave. a,212-254-2054,3.84
1072,cafe con leche,424 amsterdam ave.,212-595-7000,4
1073,corner bistro,331 w. fourth st.,212-242-9502,4
1074,cucina della fontana,368 bleecker st.,212-242-0636,3.9
1075,cucina di pesce,87 e. fourth st.,212-260-6800,4.6
1076,darbar,44 w. 56th st.,212-432-7227,3.5
1077,ej's luncheonette,432 sixth ave.,212-473-5555,4.2
1078,edison cafe,228 w. 47th st.,212-840-5000,4.5
1079,elias corner,24-02 31st st.,718-932-1510,3.38
1080,good enough to eat,483 amsterdam ave.,212-496-0163,4
1081,gray's papaya,2090 broadway,212-799-0243,4
1082,il mulino,86 w. third st.,212-673-3783,3.5
1083,jackson diner,37-03 74th st.,718-672-1232,4.25
1084,joe's shanghai,9 pell st.,718-539-3838,4.4
1085,john's pizzeria,48 w. 65th st.,212-721-7001,4
1086,kelley & ping,127 greene st.,212-228-1212,3.67
1087,kiev,117 second ave.,212-674-4040,3.29
1088,kuruma zushi,2nd fl.,212-317-2802,4.3
1089,la caridad,2199 broadway,212-874-2780,3.6
1090,la grenouille,3 e. 52nd st.,212-752-1495,4.05
1091,lemongrass grill,61a seventh ave.,718-399-7100,4.26
1092,lombardi's,32 spring st.,212-941-7994,4
1093,marnie's noodle shop,466 hudson st.,212-741-3214,4.06
1094,menchanko-tei,39 w. 55th st.,212-247-1585,4.39
1095,mitali east-west,296 bleecker st.,212-989-1367,3.77
1096,monsoon (ny),435 amsterdam ave.,212-580-8686,4.08
1097,moustache,405 atlantic ave.,718-852-5555,2.73
1098,nobu,105 hudson st.,212-219-0500,3.36
1099,one if by land  tibs,17 barrow st.,212-228-0822,4.38
1100,oyster bar,lower level,212-490-6650,4
1101,palm,837 second ave.,212-687-2953,3.86
1102,palm too,840 second ave.,212-697-5198,4
1103,patsy's pizza,19 old fulton st.,718-858-4300,3.3
1104,peter luger steak house,178 broadway,718-387-7400,3.8
1105,rose of india,308 e. sixth st.,212-533-5011,4.25
1106,sam's noodle shop,411 third ave.,212-213-2288,3
1107,sarabeth's,1295 madison ave.,212-410-7335,3.81
1108,sparks steak house,210 e. 46th st.,212-687-4855,3
1109,stick to your ribs,5-16 51st ave.,718-937-3030,3.89
1110,sushisay,38 e. 51st st.,212-755-1780,5
1111,sylvia's,328 lenox ave.,212-996-0660,3.17
1112,szechuan hunan cottage,1588 york ave.,212-535-5223,4.33
1113,szechuan kitchen,1460 first ave.,212-249-4615,3.67
1114,teresa's,80 montague st.,718-520-2910,4.5
1115,thai house cafe,151 hudson st.,212-334-1085,4.15
1116,thailand restaurant,106 bayard st.,212-349-3132,5
1117,veselka,144 second ave.,212-228-9682,4
1118,westside cottage,689 ninth ave.,212-245-0800,3.25
1119,windows on the world,107th fl.,212-524-7000,3.75
1120,wollensky's grill,205 e. 49th st.,212-753-0444,3
1121,yama,122 e. 17th st.,212-475-0969,4.75
1122,zarela,953 second ave.,212-644-6740,4
1123,andre's french restaurant,401 s. 6th st.,702-385-5016,3.89
1124,buccaneer bay club,3300 las vegas blvd. s.,702-894-7350,4.5
1125,buzio's in the rio,3700 w. flamingo rd.,702-252-7697,3.83
1126,emeril's new orleans fish,3799 las vegas blvd. s.,702-891-7374,4.08
1127,fiore rotisserie & grille,3700 w. flamingo rd.,702-252-7702,4
1128,hugo's cellar,202 e. fremont st.,702-385-4011,3
1129,madame ching's,3300 las vegas blvd. s.,702-894-7111,3.33
1130,mayflower cuisinier,4750 w. sahara ave.,702-870-8432,3.5
1131,michael's (las vegas),3595 las vegas blvd. s.,702-737-7111,4.33
1132,monte carlo,3145 las vegas blvd. s.,702-733-4524,4.23
1133,moongate,3400 las vegas blvd. s.,702-791-7352,3.95
1134,morton's of chicago (las ,3200 las vegas blvd. s.,702-893-0703,5
1135,nicky blair's,3925 paradise rd.,702-792-9900,0
1136,piero's restaurant,355 convention center dr.,702-369-2305,0
1137,spago (las vegas),3500 las vegas blvd. s.,702-369-6300,3.98
1138,steakhouse  the,128 e. fremont st.,702-382-1600,4.5
1139,stefano's,129 fremont st.,702-385-7111,3.5
1140,sterling brunch,3645 las vegas blvd. s.,702-739-4651,4
1141,tre visi,3799 las vegas blvd. s.,702-891-7331,0
1142,103 west,103 w. paces ferry rd.,404-233-5993,2.33
1143,alon's at the terrace,659 peachtree st.,404-724-0444,3
1144,baker's cajun cafe,1134 euclid ave.,404-223-5039,5
1145,barbecue kitchen,1437 virginia ave.,404-766-9906,5
1146,bistro  the,56 e. andrews dr. nw,404-231-5733,4
1147,bobby & june's kountry ki,375 14th st.,404-876-3872,3.5
1148,bradshaw's restaurant,2911 s. pharr court,404-261-7015,4
1149,brookhaven cafe,4274 peachtree rd.,404-231-5907,4
1150,cafe sunflower,5975 roswell rd.,404-256-1675,4.33
1151,canoe,4199 paces ferry rd.,770-432-2663,1
1152,carey's,1021 cobb pkwy. se,770-422-8042,0
1153,carey's corner,1215 powers ferry rd.,770-933-0909,4.21
1154,chops,70 w. paces ferry rd.,404-262-2675,4.06
1155,chopstix,4279 roswell rd.,404-255-4868,4.17
1156,deacon burton's soulfood ,1029 edgewood ave. se,404-523-1929,3.14
1157,eats,600 ponce de leon ave.,404-888-9149,5
1158,flying biscuit  the,1655 mclendon ave.,404-687-8888,3.83
1159,frijoleros,1031 peachtree st. ne,404-892-8226,4.22
1160,greenwood's,1087 green st.,770-992-5383,2.54
1161,harold's barbecue,171 mcdonough blvd.,404-627-9268,4.25
1162,havana sandwich shop,2905 buford hwy.,404-636-4094,3
1163,house of chan,2469 cobb pkwy.,770-955-9444,4
1164,indian delights,3675 satellite blvd.,100-813-8212,3.19
1165,java jive,790 ponce de leon ave.,404-876-6161,3.9
1166,johnny rockets (at),2970 cobb pkwy.,770-955-6068,3.6
1167,kalo's coffee house,1248 clairmont rd.,404-325-3733,4
1168,la fonda latina,4427 roswell rd.,404-303-8201,4.5
1169,lettuce souprise you (at),3525 mall blvd.,770-418-9969,4
1170,majestic,1031 ponce de leon ave.,404-875-0276,4.04
1171,morton's of chicago (atla,303 peachtree st. ne,404-577-4366,4.67
1172,my thai,1248 clairmont rd.,404-636-4280,1
1173,nava,3060 peachtree rd.,404-240-1984,3.67
1174,nuevo laredo cantina,1495 chattahoochee ave. nw,404-352-9009,3.5
1175,original pancake house (a,4330 peachtree rd.,404-237-4116,4.33
1176,palm  the (atlanta),3391 peachtree rd. ne,404-814-1955,3.67
1177,rainbow restaurant,2118 n. decatur rd.,404-633-3538,4.67
1178,riviera,519 e. paces ferry rd.,404-262-7112,0
1179,silver skillet  the,200 14th st. nw,404-874-1388,3.2
1180,soto,3330 piedmont rd.,404-233-2005,2
1181,thelma's kitchen,764 marietta st. nw,404-688-5855,3.92
1182,tortillas,774 ponce de leon ave. ne,404-892-0193,3
1183,van gogh's restaurant & b,70 w. crossville rd.,770-993-1156,3.5
1184,veggieland,220 sandy springs circle,404-231-3111,4.33
1185,white house restaurant,3172 peachtree rd. ne,404-237-7601,3.67
1186,zab-e-lee,4837 old national hwy.,404-768-2705,4.67
1187,bill's place,2315 clement st.,415-221-5262,0
1188,cafe flore,2298 market st.,415-621-8579,3.2
1189,caffe greco,423 columbus ave.,415-397-6261,2
1190,campo santo,240 columbus ave.,415-433-9623,3
1191,cha cha cha's,1805 haight st.,415-386-5758,3
1192,doidge's,2217 union st.,415-921-2149,4.07
1193,dottie's true blue cafe,522 jones st.,415-885-2767,3.5
1194,dusit thai,3221 mission st.,415-826-4639,4.5
1195,ebisu,1283 ninth ave.,415-566-1770,5
1196,emerald garden restaurant,1550 california st.,415-673-1155,4.5
1197,eric's chinese restaurant,1500 church st.,415-282-0919,3
1198,hamburger mary's,1582 folsom st.,415-626-1985,4.6
1199,kelly's on trinity,333 bush st.,415-362-4454,3
1200,la cumbre,515 valencia st.,415-863-8205,4
1201,la mediterranee,288 noe st.,415-431-7210,4.33
1202,la taqueria,2889 mission st.,415-285-7117,4
1203,mario's bohemian cigar st,2209 polk st.,415-776-8226,3.71
1204,marnee thai,2225 irving st.,415-665-9500,2.33
1205,mel's drive-in,3355 geary st.,415-387-2244,4.5
1206,mo's burgers,1322 grant st.,415-788-3779,4
1207,phnom penh cambodian rest,631 larkin st.,415-775-5979,3.6
1208,roosevelt tamale parlor,2817 24th st.,415-550-9213,4.33
1209,sally's cafe & bakery,300 de haro st.,415-626-6006,4.25
1210,san francisco bbq,1328 18th st.,415-431-8956,4.75
1211,slanted door,584 valencia st.,415-861-8032,0
1212,swan oyster depot,1517 polk st.,415-673-1101,4
1213,thep phanom,400 waller st.,415-431-2526,4.2
1214,ti couz,3108 16th st.,415-252-7373,3.48
1215,trio cafe,1870 fillmore st.,415-563-2248,3.67
1216,tu lan,8 sixth st.,415-626-0927,4
1217,vicolo pizzeria,201 ivy st.,415-863-2382,4
1218,wa-ha-ka oaxaca mexican g,2141 polk st.,415-775-1055,2.67
1219,arnie morton's of chicago,435 s. la cienega blvd.,310-246-1501,4.67
1220,art's deli,12224 ventura blvd.,818-762-1221,3.33
1221,bel-air hotel,701 stone canyon rd.,310-472-1211,3
1222,cafe bizou,14016 ventura blvd.,818-788-3536,3.25
1223,campanile,624 s. la brea ave.,213-938-1447,3.83
1224,chinois on main,2709 main st.,310-392-9025,3
1225,citrus,6703 melrose ave.,213-857-0034,4.15
1226,fenix at the argyle,8358 sunset blvd.,213-848-6677,3
1227,granita,23725 w. malibu rd.,310-456-0488,3.5
1228,grill  the,9560 dayton way,310-276-0615,4.5
1229,katsu,1972 hillhurst ave.,213-665-1891,0
1230,l'orangerie,903 n. la cienega blvd.,310-652-9770,5
1231,le chardonnay (los angele,8284 melrose ave.,213-655-8880,4.5
1232,locanda veneta,8638 w. third st.,310-274-1893,4.5
1233,matsuhisa,129 n. la cienega blvd.,310-659-9639,4.75
1234,palm  the (los angeles),9001 santa monica blvd.,310-550-8811,0
1235,patina,5955 melrose ave.,213-467-1108,0
1236,philippe the original,1001 n. alameda st.,213-628-3781,4.11
1237,pinot bistro,12969 ventura blvd.,818-990-0500,3.8
1238,rex il ristorante,617 s. olive st.,213-627-2300,0
1239,spago (los angeles),8795 sunset blvd.,310-652-4025,5
1240,valentino,3115 pico blvd.,310-829-4313,0
1241,yujean kang's,67 n. raymond ave.,818-585-0855,3.75
1242,21 club,21 w. 52nd st.,212-582-7200,2
1243,aquavit,13 w. 54th st.,212-307-7311,0
1244,aureole,34 e. 61st st.,212-319-1660,3.67
1245,cafe lalo,201 w. 83rd st.,212-496-6031,3
1246,cafe des artistes,1 w. 67th st.,212-877-3500,5
1247,carmine's,2450 broadway,212-362-2200,4
1248,carnegie deli,854 seventh ave.,212-757-2245,4
1249,chanterelle,2 harrison st.,212-966-6960,4
1250,daniel,20 e. 76th st.,212-288-0033,0
1251,dawat,210 e. 58th st.,212-355-7555,3
1252,felidia,243 e. 58th st.,212-758-1479,4.5
1253,four seasons,99 e. 52nd st.,212-754-9494,4
1254,gotham bar & grill,12 e. 12th st.,212-620-4020,3
1255,gramercy tavern,42 e. 20th st.,212-477-0777,4.19
1256,island spice,402 w. 44th st.,212-765-1737,3.64
1257,jo jo,160 e. 64th st.,212-223-5656,3.63
1258,la caravelle,33 w. 55th st.,212-586-4252,3.84
1259,la cote basque,60 w. 55th st.,212-688-6525,3.9
1260,le bernardin,155 w. 51st st.,212-489-1515,3.75
1261,les celebrites,155 w. 58th st.,212-484-5113,0
1262,lespinasse (new york city,2 e. 55th st.,212-339-6719,4
1263,lutece,249 e. 50th st.,212-752-2225,3.56
1264,manhattan ocean club,57 w. 58th st.,212-371-7777,3.71
1265,march,405 e. 58th st.,212-754-6272,3.45
1266,mesa grill,102 fifth ave.,212-807-7400,4.44
1267,mi cocina,57 jane st.,212-627-8273,4.27
1268,montrachet,239 w. broadway,212-219-2777,3.88
1269,oceana,55 e. 54th st.,212-759-5941,2.8
1270,park avenue cafe (new yor,100 e. 63rd st.,212-644-1900,3.91
1271,petrossian,182 w. 58th st.,212-245-2214,3.44
1272,picholine,35 w. 64th st.,212-724-8585,4
1273,pisces,95 ave. a,212-260-6660,4.44
1274,rainbow room,30 rockefeller plaza,212-632-5000,4.08
1275,river cafe,1 water st.,718-522-5200,4
1276,san domenico,240 central park s.,212-265-5959,4.18
1277,second avenue deli,156 second ave.,212-677-0606,3.75
1278,seryna,11 e. 53rd st.,212-980-9393,4.75
1279,shun lee palace,155 e. 55th st.,212-371-8844,4
1280,sign of the dove,1110 third ave.,212-861-8080,3.87
1281,smith & wollensky,797 third ave.,212-753-1530,4.27
1282,tavern on the green,central park west,212-873-3200,3.5
1283,uncle nick's,747 ninth ave.,212-245-7992,3.33
1284,union square cafe,21 e. 16th st.,212-243-4020,4.06
1285,virgil's real bbq,152 w. 44th st.,212-921-9494,3.62
1286,chin's,3200 las vegas blvd. s.,702-733-8899,3
1287,coyote cafe (las vegas),3799 las vegas blvd. s.,702-891-7349,3.58
1288,le montrachet bistro,3000 paradise rd.,702-732-5651,3
1289,palace court,3570 las vegas blvd. s.,702-731-7110,2
1290,second street grill,200 e. fremont st.,702-385-6277,3.8
1291,steak house  the,2880 las vegas blvd. s.,702-734-0410,3.52
1292,tillerman  the,2245 e. flamingo rd.,702-731-4036,4
1293,abruzzi,2355 peachtree rd. ne,404-261-8186,3.6
1294,bacchanalia,3125 piedmont rd.,404-365-0410,4.4
1295,bone's restaurant,3130 piedmont rd. ne,404-237-2663,2.8
1296,brasserie le coze,3393 peachtree rd.,404-266-1440,2.6
1297,buckhead diner,3073 piedmont rd.,404-262-3336,3.6
1298,ciboulette restaurant,1529 piedmont ave.,404-874-7600,4
1299,delectables,1 margaret mitchell sq.,404-681-2909,5
1300,georgia grille,2290 peachtree rd.,404-352-3517,3.57
1301,hedgerose heights inn  th,490 e. paces ferry rd. ne,404-233-7673,4.29
1302,heera of india,595 piedmont ave.,404-876-4408,4.06
1303,indigo coastal grill,1397 n. highland ave.,404-876-0676,3.17
1304,la grotta,2637 peachtree rd. ne,404-231-1368,0
1305,mary mac's tea room,224 ponce de leon ave.,404-876-1800,4
1306,nikolai's roof,255 courtland st.,404-221-6362,4.33
1307,pano's & paul's,1232 w. paces ferry rd.,404-261-3662,3
1308,ritz-carlton cafe (buckhe,3434 peachtree rd. ne,404-237-2700,2
1309,ritz-carlton dining room ,3434 peachtree rd. ne,404-237-2700,3.8
1310,ritz-carlton restaurant,181 peachtree st.,404-659-0400,4
1311,toulouse,293-b peachtree rd.,404-351-9533,4.25
1312,veni vidi vici,41 14th st.,404-875-8424,3.5
1313,alain rondelli,126 clement st.,415-387-0408,3.81
1314,aqua,252 california st.,415-956-9662,4
1315,boulevard,1 mission st.,415-543-6084,4
1316,cafe claude,7 claude ln.,415-392-3505,4.4
1317,campton place,340 stockton st.,415-955-5555,3.94
1318,chez michel,804 north point st.,415-775-7036,3.8
1319,fleur de lys,777 sutter st.,415-673-7779,4.16
1320,fringale,570 fourth st.,415-543-0573,3.95
1321,hawthorne lane,22 hawthorne st.,415-777-9779,4.5
1322,khan toke thai house,5937 geary blvd.,415-668-6654,3.8
1323,la folie,2316 polk st.,415-776-5577,3.88
1324,lulu restaurant-bis-cafe,816 folsom st.,415-495-5775,3.93
1325,masa's,648 bush st.,415-989-7154,3.5
1326,mifune,1737 post st.,415-922-0337,5
1327,plumpjack cafe,3127 fillmore st.,415-563-4755,3.88
1328,postrio,545 post st.,415-776-7825,4.62
1329,ritz-carlton dining room ,600 stockton st.,415-296-7465,4.29
1330,rose pistola,532 columbus ave.,415-399-0499,4.2
1331,ritz-carlton cafe (atlant,181 peachtree st.,404-659-0400,4
1332,arnie morton's of chicago,435 s. la cienega blv.,310/246-1501,3.53
1333,art's delicatessen,12224 ventura blvd.,818/762-1221,3.6
1334,hotel bel-air,701 stone canyon rd.,310/472-1211,3.62
1335,cafe bizou,14016 ventura blvd.,818/788-3536,4.27
1336,campanile,624 s. la brea ave.,213/938-1447,3.11
1337,chinois on main,2709 main st.,310/392-9025,4.45
1338,citrus,6703 melrose ave.,213/857-0034,3.37
1339,fenix,8358 sunset blvd. west,213/848-6677,4.1
1340,granita,23725 w. malibu rd.,310/456-0488,4.28
1341,grill on the alley,9560 dayton way,310/276-0615,3.95
1342,restaurant katsu,1972 n. hillhurst ave.,213/665-1891,3.86
1343,l'orangerie,903 n. la cienega blvd.,310/652-9770,4.29
1344,le chardonnay,8284 melrose ave.,213/655-8880,4.06
1345,locanda veneta,3rd st.,310/274-1893,3.92
1346,matsuhisa,129 n. la cienega blvd.,310/659-9639,4.22
1347,the palm,9001 santa monica blvd.,310/550-8811,4
1348,patina,5955 melrose ave.,213/467-1108,2.79
1349,philippe's the original,1001 n. alameda st.,213/628-3781,4.33
1350,pinot bistro,12969 ventura blvd.,818/990-0500,4.79
1351,rex il ristorante,617 s. olive st.,213/627-2300,4.58
1352,spago,1114 horn ave.,310/652-4025,3.24
1353,valentino,3115 pico blvd.,310/829-4313,4.08
1354,yujean kang's gourmet chi,67 n. raymond ave.,818/585-0855,3.5
1355,21 club,21 w. 52nd st.,212/582-7200,3.5
1356,aquavit,13 w. 54th st.,212/307-7311,4.12
1357,aureole,34 e. 61st st.,212/ 319-1660,3.22
1358,cafe lalo,201 w. 83rd st.,212/496-6031,3.89
1359,cafe des artistes,1 w. 67th st.,212/877-3500,3.86
1360,carmine's,2450 broadway  between 90th and 91st sts.,212/362-2200,3.68
1361,carnegie deli,854 7th ave.  between 54th and 55th sts.,212/757-2245,4.1
1362,chanterelle,2 harrison st.  near hudson st.,212/966-6960,3.83
1363,daniel,20 e. 76th st.,212/288-0033,4.57
1364,dawat,210 e. 58th st.,212/355-7555,4.31
1365,felidia,243 e. 58th st.,212/758-1479,3.71
1366,four seasons grill room,99 e. 52nd st.,212/754-9494,4.7
1367,gotham bar & grill,12 e. 12th st.,212/620-4020,4.34
1368,gramercy tavern,42 e. 20th st.  between park ave. s and broadway,212/477-0777,4.06
1369,island spice,402 w. 44th st.,212/765-1737,3.94
1370,jo jo,160 e. 64th st.,212/223-5656,3.81
1371,la caravelle,33 w. 55th st.,212/586-4252,3.5
1372,la cote basque,60 w. 55th st.  between 5th and 6th ave.,212/688-6525,4.12
1373,le bernardin,155 w. 51st st.,212/489-1515,3.44
1374,les celebrites,160 central park s,212/484-5113,3.6
1375,lespinasse,2 e. 55th st.,212/339-6719,4.06
1376,lutece,249 e. 50th st.,212/752-2225,3.81
1377,manhattan ocean club,57 w. 58th st.,212/ 371-7777,2.62
1378,march,405 e. 58th st.,212/754-6272,3.85
1379,mesa grill,102 5th ave.  between 15th and 16th sts.,212/807-7400,4.06
1380,mi cocina,57 jane st.  off hudson st.,212/627-8273,4.54
1381,montrachet,239 w. broadway  between walker and white sts.,212/ 219-2777,4.06
1382,oceana,55 e. 54th st.,212/759-5941,3.73
1383,park avenue cafe,100 e. 63rd st.,212/644-1900,3.3
1384,petrossian,182 w. 58th st.,212/245-2214,3.64
1385,picholine,35 w. 64th st.,212/724-8585,4.14
1386,pisces,95 ave. a at 6th st.,212/260-6660,3.99
1387,rainbow room,30 rockefeller plaza,212/632-5000,4.19
1388,river cafe,1 water st. at the east river,718/522-5200,4.52
1389,san domenico,240 central park s,212/265-5959,4.62
1390,second avenue deli,156 2nd ave. at 10th st.,212/677-0606,4
1391,seryna,11 e. 53rd st.,212/980-9393,4.55
1392,shun lee west,43 w. 65th st.,212/371-8844,4.21
1393,sign of the dove,1110 3rd ave. at 65th st.,212/861-8080,4
1394,smith & wollensky,201 e. 49th st.,212/753-1530,3.91
1395,tavern on the green,in central park at 67th st.,212/873-3200,3.91
1396,uncle nick's,747 9th ave.  between 50th and 51st sts.,212/315-1726,3.14
1397,union square cafe,21 e. 16th st.,212/243-4020,3.95
1398,virgil's,152 w. 44th st.,212/ 921-9494,3.17
1399,chin's,3200 las vegas blvd. s,702/733-8899,4.7
1400,coyote cafe,3799 las vegas blvd. s,702/891-7349,3.5
1401,le montrachet,3000 w. paradise rd.,702/732-5111,3.67
1402,palace court,3570 las vegas blvd. s,702/731-7547,4.06
1403,second street grille,200 e. fremont st.,702/385-3232,3.6
1404,steak house,2880 las vegas blvd. s,702/734-0410,3.42
1405,tillerman,2245 e. flamingo rd.,702/731-4036,3.78
1406,abruzzi,2355 peachtree rd.  peachtree battle shopping center,404/261-8186,3.35
1407,bacchanalia,3125 piedmont rd.  near peachtree rd.,404/365-0410,3.62
1408,bone's,3130 piedmont road,404/237-2663,4.06
1409,brasserie le coze,3393 peachtree rd.  lenox square mall  near neiman marcus,404/266-1440,3.55
1410,buckhead diner,3073 piedmont road,404/262-3336,4.52
1411,ciboulette,1529 piedmont ave.,404/874-7600,3.83
1412,delectables,1 margaret mitchell sq.,404/681-2909,3.08
1413,georgia grille,2290 peachtree rd.  peachtree square shopping center,404/352-3517,4.39
1414,hedgerose heights inn,490 e. paces ferry rd.,404/233-7673,4.21
1415,heera of india,595 piedmont ave.  rio shopping mall,404/876-4408,4.71
1416,indigo coastal grill,1397 n. highland ave.,404/876-0676,4
1417,la grotta,2637 peachtree rd.  peachtree house condominium,404/231-1368,4.12
1418,mary mac's tea room,224 ponce de leon ave.,404/876-1800,4.36
1419,nikolai's roof,255 courtland st.  at harris st.,404/221-6362,3.5
1420,pano's and paul's,1232 w. paces ferry rd.,404/261-3662,4.62
1421,cafe  ritz-carlton  buckh,3434 peachtree rd.,404/237-2700,4.67
1422,dining room  ritz-carlton,3434 peachtree rd.,404/237-2700,4.12
1423,restaurant  ritz-carlton ,181 peachtree st.,404/659-0400,4.29
1424,toulouse,b peachtree rd.,404/351-9533,3.79
1425,veni vidi vici,41 14th st.,404/875-8424,3.6
1426,alain rondelli,126 clement st.,415/387-0408,3.38
1427,aqua,252 california st.,415/956-9662,4.3
1428,boulevard,1 mission st.,415/543-6084,4.33
1429,cafe claude,7 claude la.,415/392-3505,4.13
1430,campton place,340 stockton st.,415/955-5555,4.15
1431,chez michel,804 northpoint,415/775-7036,3.78
1432,fleur de lys,777 sutter st.,415/673-7779,3.83
1433,fringale,570 4th st.,415/543-0573,2.75
1434,hawthorne lane,22 hawthorne st.,415/777-9779,4.2
1435,khan toke thai house,5937 geary blvd.,415/668-6654,4
1436,la folie,2316 polk st.,415/776-5577,3.22
1437,lulu,816 folsom st.,415/495-5775,3.54
1438,masa's,648 bush st.,415/989-7154,3.89
1439,mifune japan center  kint,1737 post st.,415/922-0337,3.45
1440,plumpjack cafe,3201 fillmore st.,415/563-4755,4.11
1441,postrio,545 post st.,415/776-7825,3.8
1442,ritz-carlton restaurant a,600 stockton st.,415/296-7465,3.71
1443,rose pistola,532 columbus ave.,415/399-0499,3.78
1444,bolo,23 e. 22nd st.,212/228-2200,4.11
1445,il nido,251 e. 53rd st.,212/753-8450,4.32
1446,remi,145 w. 53rd st.,212/581-4242,4.09
1447,adriano's ristorante,2930 beverly glen circle,310/475-9807,4.11
1448,barney greengrass,9570 wilshire blvd.,310/777-5877,3.59
1449,beaurivage,26025 pacific coast hwy.,310/456-5733,3.65
1450,bistro garden,176 n. canon dr.,310/550-3900,3.64
1451,border grill,4th st.,310/451-1655,3.8
1452,broadway deli,3rd st. promenade,310/451-0616,4.2
1453,ca'brea,346 s. la brea ave.,213/938-2863,3.44
1454,ca'del sol,4100 cahuenga blvd.,818/985-4669,4.33
1455,cafe pinot,700 w. fifth st.,213/239-6500,3.75
1456,california pizza kitchen,207 s. beverly dr.,310/275-1101,4.2
1457,canter's,419 n. fairfax ave.,213/651-2030.,4.37
1458,cava,3rd st.,213/658-8898,3.84
1459,cha cha cha,656 n. virgil ave.,213/664-7723,3.95
1460,chan dara,310 n. larchmont blvd.,213/467-1052,4.09
1461,clearwater cafe,168 w. colorado blvd.,818/356-0959,3.62
1462,dining room,9500 wilshire blvd.,310/275-5200,4.33
1463,dive!,10250 santa monica blvd.,310/788-,3.97
1464,drago,2628 wilshire blvd.,310/828-1585,4
1465,drai's,730 n. la cienega blvd.,310/358-8585,3.38
1466,dynasty room,930 hilgard ave.,310/208-8765,4.57
1467,eclipse,8800 melrose ave.,310/724-5959,2.78
1468,ed debevic's,134 n. la cienega,310/659-1952,3
1469,el cholo,1121 s. western ave.,213/734-2773,3
1470,gilliland's,2424 main st.,310/392-3901,3.5
1471,gladstone's,4 fish 17300 pacific coast hwy. at sunset blvd.,310/454-3474,4.12
1472,hard rock cafe,8600 beverly blvd.,310/276-7605,3.07
1473,harry's bar & american gr,2020 ave. of the stars,310/277-2333,3.8
1474,il fornaio cucina italian,301 n. beverly dr.,310/550-8330,4.41
1475,jack sprat's grill,10668 w. pico blvd.,310/837-6662,4.56
1476,jackson's farm,439 n. beverly drive,310/273-5578,3.42
1477,jimmy's,201 moreno dr.,310/552-2394,4.18
1478,joss,9255 sunset blvd.,310/276-1886,3.5
1479,le colonial,8783 beverly blvd.,310/289-0660,4
1480,le dome,8720 sunset blvd.,310/659-6919,3.78
1481,louise's trattoria,4500 los feliz blvd.,213/667-0777,3.93
1482,mon kee seafood restauran,679 n. spring st.,213/628-6717,3.57
1483,morton's,8764 melrose ave.,310/276-5205,4.44
1484,nate 'n' al's,414 n. beverly dr.,310/274-0101,4.25
1485,nicola,601 s. figueroa st.,213/485-0927,4.35
1486,ocean avenue,1401 ocean ave.,310/394-5669,3.17
1487,orleans,11705 national blvd.,310/479-4187,4.75
1488,pacific dining car,6th st.,213/483-6000,3.67
1489,paty's,10001 riverside dr.,818/761-9126,5
1490,pinot hollywood,1448 n. gower st.,213/461-8800,4
1491,posto,14928 ventura blvd.,818/784-4400,3.88
1492,prego,362 n. camden dr.,310/277-7346,4.26
1493,rj's the rib joint,252 n. beverly dr.,310/274-7427,4.07
1494,remi,3rd st. promenade,310/393-6545,4.12
1495,restaurant horikawa,111 s. san pedro st.,213/680-9355,2.97
1496,roscoe's house of chicken,1514 n. gower st.,213/466-9329,3.89
1497,schatzi on main,3110 main st.,310/399-4800,3.68
1498,sofi,3rd st.,213/651-0346,4.05
1499,swingers,8020 beverly blvd.,213/653-5858,4.06
1500,tavola calda,7371 melrose ave.,213/658-6340,3.17
1501,the mandarin,430 n. camden dr.,310/859-0926,3.57
1502,tommy tang's,7313 melrose ave.,213/937-5733,3.81
1503,tra di noi,3835 cross creek rd.,310/456-0169,3.4
1504,trader vic's,9876 wilshire blvd.,310/276-6345,4.33
1505,vida,1930 north hillhurst ave.,213/660-4446,3.47
1506,west beach cafe,60 n. venice blvd.,310/823-5396,4.53
1507,20 mott,20 mott st.  between bowery and pell st.,212/964-0380,4.07
1508,9 jones street,9 jones st.,212/989-1220,3.46
1509,adrienne,700 5th ave. at 55th st.,212/903-3918,4
1510,agrotikon,322 e. 14 st.  between 1st and 2nd aves.,212/473-2602,4
1511,aja,937 broadway at 22nd st.,212/473-8388,3.94
1512,alamo,304 e. 48th st.,212/ 759-0590,4.05
1513,alley's end,311 w. 17th st.,212/627-8899,3.61
1514,ambassador grill,1 united nations plaza at 44th st.,212/702-5014,3.59
1515,american place,2 park ave. at 32nd st.,212/684-2122,4.07
1516,anche vivolo,222 e. 58th st.  between 2nd and 3rd aves.,212/308-0112,4
1517,arizona,206 206 e. 60th st.,212/838-0440,3.82
1518,arturo's,106 w. houston st.  off thompson st.,212/677-3820,4.01
1519,au mandarin,200-250 vesey st. world financial center,212/385-0313,4.23
1520,bar anise,1022 3rd ave.  between 60th and 61st sts.,212/355-1112,3.81
1521,barbetta,321 w. 46th st.,212/246-9171,4.02
1522,ben benson's,123 w. 52nd st.,212/581-8888,4
1523,big cup,228 8th ave.  between 21st and 22nd sts.,212/206-0059,3
1524,billy's,948 1st ave.  between 52nd and 53rd sts.,212/753-1870,4
1525,boca chica,13 1st ave.  near 1st st.,212/473-0108,3.86
1526,boonthai,1393a 2nd ave.  between 72nd and 73rd sts.,212/249-8484,3.14
1527,bouterin,420 e. 59th st.  off 1st ave.,212/758-0323,4.2
1528,brothers bar-b-q,225 varick st. at clarkston st.,212/727-2775,3.5
1529,bruno,240 e. 58th st.,212/688-4190,4.13
1530,bryant park grill  roof r,25 w. 40th st.  between 5th and 6th aves.,212/840-6500,4.08
1531,c3,103 waverly pl.  near washington sq.,212/254-1200,4.08
1532,ct,111 e. 22nd st.  between park ave. s and lexington ave.,212/995-8500,5
1533,cafe bianco,1486 2nd ave.  between 77th and 78th sts.,212/988-2655,4.08
1534,cafe botanica,160 central park s,212/484-5120,4.06
1535,cafe la fortuna,69 w. 71st st.,212/724-5846,3.91
1536,cafe luxembourg,200 w. 70th st.,212/873-7411,3.8
1537,cafe pierre,2 e. 61st st.,212/940-8185,4
1538,cafe centro,200 park ave.  between 45th st. and vanderbilt ave.,212/818-1222,3.78
1539,cafe fes,246 w. 4th st. at charles st.,212/924-7653,3.43
1540,caffe dante,81 macdougal st.  between houston and bleeker sts.,212/982-5275,3.71
1541,caffe dell'artista,46 greenwich ave.,212/645-4431,2.75
1542,caffe lure,169 sullivan st.  between houston and bleecker sts.,212/473-2642,3.35
1543,caffe reggio,119 macdougal st.  between 3rd and bleecker sts.,212/475-9557,3.55
1544,caffe roma,385 broome st. at mulberry,212/226-8413,3.8
1545,caffe vivaldi,32 jones st. at bleecker st.,212/691-7538,4.25
1546,caffe bondi ristorante,7 w. 20th st.,212/691-8136,3.92
1547,capsouto freres,451 washington st.  near watts st.,212/966-4900,3.73
1548,captain's table,860 2nd ave. at 46th st.,212/697-9538,3.4
1549,casa la femme,150 wooster st.  between houston and prince sts.,212/505-0005,3.2
1550,cendrillon asian grill & ,45 mercer st.  between broome and grand sts.,212/343-9012,2.88
1551,chez jacqueline,72 macdougal st.  between w. houston and bleecker sts.,212/505-0727,4.29
1552,chiam,160 e. 48th st.,212/371-2323,3.5
1553,china grill,60 w. 53rd st.,212/333-7788,3.86
1554,cite,120 w. 51st st.,212/956-7100,3.7
1555,coco pazzo,23 e. 74th st.,212/794-0205,3.91
1556,columbus bakery,53rd sts.,212/421-0334,3.9
1557,corrado cafe,1013 3rd ave.  between 60th and 61st sts.,212/753-5100,3.9
1558,cupcake cafe,522 9th ave. at 39th st.,212/465-1530,3.25
1559,da nico,164 mulberry st.  between grand and broome sts.,212/343-1212,4
1560,dean & deluca,121 prince st.,212/254-8776,3.45
1561,diva,341 w. broadway  near grand st.,212/941-9024,4.13
1562,dix et sept,181 w. 10th st.,212/645-8023,3.93
1563,docks,633 3rd ave. at 40th st.,212/ 986-8080,3.34
1564,duane park cafe,157 duane st.  between w. broadway and hudson st.,212/732-5555,3.88
1565,el teddy's,219 w. broadway  between franklin and white sts.,212/941-7070,3.13
1566,emily's,1325 5th ave. at 111th st.,212/996-1212,3.64
1567,empire korea,6 e. 32nd st.,212/725-1333,3.23
1568,ernie's,2150 broadway  between 75th and 76th sts.,212/496-1588,4
1569,evergreen cafe,1288 1st ave. at 69th st.,212/744-3266,3.88
1570,f. ille ponte ristorante,39 desbrosses st.  near west st.,212/226-4621,3.62
1571,felix,340 w. broadway at grand st.,212/431-0021,4
1572,ferrier,29 e. 65th st.,212/772-9000,4.45
1573,fifty seven fifty seven,57 e. 57th st.,212/758-5757,4.15
1574,film center cafe,635 9th ave.  between 44th and 45th sts.,212/ 262-2525,4
1575,fiorello's roman cafe,1900 broadway  between 63rd and 64th sts.,212/595-5330,4.43
1576,firehouse,522 columbus ave.  between 85th and 86th sts.,212/595-3139,3.72
1577,first,87 1st ave.  between 5th and 6th sts.,212/674-3823,4.06
1578,fishin eddie,73 w. 71st st.,212/874-3474,3.22
1579,fleur de jour,348 e. 62nd st.,212/355-2020,4
1580,flowers,21 west 17th st.  between 5th and 6th aves.,212/691-8888,3.75
1581,follonico,6 w. 24th st.,212/691-6359,5
1582,fraunces tavern,54 pearl st. at broad st.,212/269-0144,4.4
1583,french roast,458 6th ave. at 11th st.,212/533-2233,2.5
1584,french roast cafe,2340 broadway at 85th st.,212/799-1533,4.2
1585,frico bar,402 w. 43rd st.  off 9th ave.,212/564-7272,4.18
1586,fujiyama mama,467 columbus ave.  between 82nd and 83rd sts.,212/769-1144,3.25
1587,gabriela's,685 amsterdam ave. at 93rd st.,212/961-0574,4.01
1588,gallagher's,228 w. 52nd st.,212/245-5336,4.24
1589,gianni's,15 fulton st.,212/608-7300,3.6
1590,girafe,208 e. 58th st.  between 2nd and 3rd aves.,212/752-3054,3.57
1591,global,33 93 2nd ave.  between 5th and 6th sts.,212/477-8427,3.49
1592,golden unicorn,18 e. broadway at catherine st.,212/ 941-0911,4.14
1593,grand ticino,228 thompson st.  between w. 3rd and bleecker sts.,212/777-5922,4
1594,halcyon,151 w. 54th st.  in the rihga royal hotel,212/468-8888,3.97
1595,hard rock cafe,221 w. 57th st.,212/489-6565,4.53
1596,hi-life restaurant and lo,1340 1st ave. at 72nd st.,212/249-3600,3.88
1597,home,20 cornelia st.  between bleecker and w. 4th st.,212/243-9579,4.14
1598,hudson river club,4 world financial center,212/786-1500,4
1599,i trulli,122 e. 27th st.  between lexington and park aves.,212/481-7372,3.67
1600,il cortile,125 mulberry st.  between canal and hester sts.,212/226-6060,2.5
1601,inca grill,492 broome st.  near w. broadway,212/966-3371,4.12
1602,indochine,430 lafayette st.  between 4th st. and astor pl.,212/505-5111,3.27
1603,internet cafe,82 e. 3rd st.  between 1st and 2nd aves.,212/ 614-0747,3.62
1604,ipanema,13 w. 46th st.,212/730-5848,4
1605,jean lafitte,68 w. 58th st.,212/751-2323,4.5
1606,jewel of india,15 w. 44th st.,212/869-5544,3.91
1607,jimmy sung's,219 e. 44th st.  between 2nd and 3rd aves.,212/682-5678,3.71
1608,joe allen,326 w. 46th st.,212/581-6464,3.92
1609,judson grill,152 w. 52nd st.,212/582-5252,4.05
1610,l'absinthe,227 e. 67th st.,212/794-4950,4
1611,l'auberge,1191 1st ave.  between 64th and 65th sts.,212/288-8791,5
1612,l'auberge du midi,310 w. 4th st.  between w. 12th and bank sts.,212/242-4705,2
1613,l'udo,432 lafayette st.  near astor pl.,212/388-0978,5
1614,la reserve,4 w. 49th st.,212/247-2993,5
1615,lanza restaurant,168 1st ave.  between 10th and 11th sts.,212/674-7014,4.4
1616,lattanzi ristorante,361 w. 46th st.,212/315-0980,3.79
1617,layla,211 w. broadway at franklin st.,212/431-0700,3.96
1618,le chantilly,106 e. 57th st.,212/751-2931,3.64
1619,le colonial,149 e. 57th st.,212/ 752-0808,4.37
1620,le gamin,50 macdougal st.  between houston and prince sts.,212/254-4678,3.95
1621,le jardin,25 cleveland pl.  near spring st.,212/343-9599,3.89
1622,le madri,168 w. 18th st.,212/727-8022,4.6
1623,le marais,150 w. 46th st.,212/869-0900,3.83
1624,le perigord,405 e. 52nd st.,212/755-6244,3.51
1625,le select,507 columbus ave.  between 84th and 85th sts.,212/875-1993,3.6
1626,les halles,411 park ave. s  between 28th and 29th sts.,212/679-4111,4
1627,lincoln tavern,51 w. 64th st.,212/721-8271,4.4
1628,lola,30 west 22nd st.  between 5th and 6th ave.,212/675-6700,3.81
1629,lucky strike,59 grand st.  between wooster st. and w. broadway,212/941-0479,4.8
1630,mad fish,2182 broadway  between 77th and 78th sts.,212/787-0202,4
1631,main street,446 columbus ave.  between 81st and 82nd sts.,212/873-5025,3.38
1632,mangia e bevi,800 9th ave. at 53rd st.,212/956-3976,2.9
1633,manhattan cafe,1161 1st ave.  between 63rd and 64th sts.,212/888-6556,3.14
1634,manila garden,325 e. 14th st.  between 1st and 2nd aves.,212/777-6314,3.73
1635,marichu,342 e. 46th st.  between 1st and 2nd aves.,212/370-1866,4.22
1636,marquet patisserie,15 e. 12th st.  between 5th ave. and university pl.,212/229-9313,4.86
1637,match,160 mercer st.  between houston and prince sts.,212/906-9173,4.25
1638,matthew's,1030 3rd ave. at 61st st.,212/838-4343,4.25
1639,mavalli palace,46 e. 29th st.,212/679-5535,4.03
1640,milan cafe and coffee bar,120 w. 23rd st.,212/807-1801,4.26
1641,monkey bar,60 e. 54th st.,212/838-2600,3.55
1642,montien,1134 1st ave.   between 62nd and 63rd sts.,212/421-4433,2.7
1643,morton's,551 5th ave. at 45th st.,212/972-3315,4.3
1644,motown cafe,104 w. 57th st.  near 6th ave.,212/581-8030,3.85
1645,new york kom tang soot bu,32 w. 32nd st.,212/ 947-8482,4.24
1646,new york noodletown,28 1/2 bowery at bayard st.,212/349-0923,4.17
1647,newsbar,2 w. 19th st.,212/255-3996,4.2
1648,odeon,145 w. broadway at thomas st.,212/233-0507,2.8
1649,orso,322 w. 46th st.,212/489-7212,3.67
1650,osteria al droge,142 w. 44th st.,212/944-3643,4.24
1651,otabe,68 e. 56th st.,212/223-7575,3.33
1652,pacifica,138 lafayette st.  between canal and howard sts.,212/941-4168,3.4
1653,palio,151 w. 51st. st.,212/245-4850,3.5
1654,pamir,1065 1st ave.  at 58th st.,212/644-9258,3.75
1655,parioli romanissimo,24 e. 81st st.,212/288-2391,4
1656,patria,250 park ave. s at 20th st.,212/777-6211,3.4
1657,peacock alley,301 park ave.  between 49th and 50th sts.,212/872-4895,4.43
1658,pen & pencil,205 e. 45th st.,212/682-8660,2.5
1659,penang soho,109 spring st.  between greene and mercer sts.,212/274-8883,2.89
1660,persepolis,1423 2nd ave.  between 74th and 75th sts.,212/535-1100,3.81
1661,planet hollywood,140 w. 57th st.,212/333-7827,4.22
1662,pomaire,371 w. 46th st.  off 9th ave.,212/ 956-3055,3.1
1663,popover cafe,551 amsterdam ave.  between 86th and 87th sts.,212/595-8555,4.25
1664,post house,28 e. 63rd st.,212/935-2888,3.71
1665,rain,100 w. 82nd st.,212/501-0776,4.69
1666,red tulip,439 e. 75th st.,212/734-4893,3.73
1667,republic,37a union sq. w  between 16th and 17th sts.,212/627-7172,3.42
1668,roettelle a. g,126 e. 7th st.  between 1st ave. and ave. a,212/674-4140,3.11
1669,rosa mexicano,1063 1st ave. at 58th st.,212/753-7407,4
1670,ruth's chris,148 w. 51st st.,212/245-9600,4.33
1671,s.p.q.r,133 mulberry st.  between hester and grand sts.,212/925-3120,4
1672,sal anthony's,55 irving pl.,212/982-9030,3.61
1673,sammy's roumanian steak h,157 chrystie st. at delancey st.,212/673-0330,4.5
1674,san pietro,18 e. 54th st.,212/753-9015,4.17
1675,sant ambroeus,1000 madison ave.  between 77th and 78th sts.,212/570-2211,4.33
1676,sarabeth's kitchen,423 amsterdam ave.  between 80th and 81st sts.,212/496-6280,3.63
1677,sea grill,19 w. 49th st.,212/332-7610,3.38
1678,serendipity,3 225 e. 60th st.,212/838-3531,3.62
1679,seventh regiment mess and,643 park ave. at 66th st.,212/744-4107,3.8
1680,sfuzzi,58 w. 65th st.,212/873-3700,4.17
1681,shaan,57 w. 48th st.,212/ 977-8400,3.62
1682,sofia fabulous pizza,1022 madison ave.  near 79th st.,212/734-2676,4.1
1683,spring street natural res,62 spring st. at lafayette st.,212/966-0290,3.85
1684,stage deli,834 7th ave.  between 53rd and 54th sts.,212/245-7850,4
1685,stingray,428 amsterdam ave.  between 80th and 81st sts.,212/501-7515,3.5
1686,sweet'n'tart cafe,76 mott st. at canal st.,212/334-8088,3.92
1687,t salon,143 mercer st. at prince st.,212/925-3700,3.12
1688,tang pavillion,65 w. 55th st.,212/956-6888,3.64
1689,tapika,950 8th ave. at 56th st.,212/ 397-3737,3.56
1690,teresa's,103 1st ave.  between 6th and 7th sts.,212/228-0604,4.14
1691,terrace,400 w. 119th st.  between amsterdam and morningside aves.,212/666-9490,3.88
1692,the coffee pot,350 9th ave. at 49th st.,212/265-3566,3.06
1693,the savannah club,2420 broadway at 89th st.,212/496-1066,4.15
1694,trattoria dell'arte,900 7th ave.  between 56th and 57th sts.,212/245-9800,3.67
1695,triangolo,345 e. 83rd st.,212/472-4488,4.44
1696,tribeca grill,375 greenwich st.  near franklin st.,212/941-3900,3.65
1697,trois jean,154 e. 79th st.  between lexington and 3rd aves.,212/988-4858,3.48
1698,tse yang,34 e. 51st st.,212/688-5447,3.38
1699,turkish kitchen,386 3rd ave.  between 27th and 28th sts.,212/679-1810,3.63
1700,two two two,222 w. 79th st.,212/799-0400,3.81
1701,veniero's pasticceria,342 e. 11th st.  near 1st ave.,212/674-7264,3.59
1702,verbena,54 irving pl. at 17th st.,212/260-5454,3.89
1703,victor's cafe,52 236 w. 52nd st.,212/586-7714,4.33
1704,vince & eddie's,70 w. 68th st.,212/721-0068,3.79
1705,vong,200 e. 54th st.,212/486-9592,3.74
1706,water club,500 e. 30th st.,212/683-3333,3
1707,west,63rd street steakhouse 44 w. 63rd st.,212/246-6363,4.6
1708,xunta,174 1st ave.  between 10th and 11th sts.,212/614-0620,2.2
1709,zen palate,34 union sq. e at 16th st.,212/614-9291,2.8
1710,zoe,90 prince st.  between broadway and mercer st.,212/966-6722,4.33
1711,abbey,163 ponce de leon ave.,404/876-8532,3.79
1712,aleck's barbecue heaven,783 martin luther king jr. dr.,404/525-2062,4.5
1713,annie's thai castle,3195 roswell rd.,404/264-9546,4.4
1714,anthonys,3109 piedmont rd.  just south of peachtree rd.,404/262-7379,2.82
1715,atlanta fish market,265 pharr rd.,404/262-3165,4
1716,beesley's of buckhead,260 e. paces ferry road,404/264-1334,3.39
1717,bertolini's,3500 peachtree rd.  phipps plaza,404/233-2333,3.62
1718,bistango,1100 peachtree st.,404/724-0901,4
1719,cafe renaissance,7050 jimmy carter blvd.  norcross,770/441--0291,3.31
1720,camille's,1186 n. highland ave.,404/872-7203,2.57
1721,cassis,3300 peachtree rd.  grand hyatt,404/365-8100,3.27
1722,city grill,50 hurt plaza,404/524-2489,4.18
1723,coco loco,40  buckhead crossing mall on the sidney marcus blvd.,404/364-0212,3.8
1724,colonnade restaurant,1879 cheshire bridge rd.,404/874-5642,3.59
1725,dante's down the hatch  b,3380 peachtree rd.,404/266-1600,3.55
1726,dante's down the hatch,underground underground mall  underground atlanta,404/577-1800,3.48
1727,fat matt's rib shack,1811 piedmont ave.  near cheshire bridge rd.,404/607-1622,4.58
1728,french quarter food shop,923 peachtree st.  at 8th st.,404/875-2489,4.53
1729,holt bros. bar-b-q,6359 jimmy carter blvd.  at buford hwy.  norcross,770/242-3984,4.02
1730,horseradish grill,4320 powers ferry rd.,404/255-7277,3.9
1731,hsu's gourmet,192 peachtree center ave.  at international blvd.,404/659-2788,4.19
1732,imperial fez,2285 peachtree rd.  peachtree battle condominium,404/351-0870,3.79
1733,kamogawa,3300 peachtree rd.  grand hyatt,404/841-0314,3.65
1734,la grotta at ravinia dunw,holiday inn/crowne plaza at ravinia  dunwoody,770/395-9925,4.22
1735,little szechuan,c buford hwy.  northwoods plaza  doraville,770/451-0192,3.33
1736,lowcountry barbecue,6301 roswell rd.  sandy springs plaza  sandy springs,404/255-5160,3.88
1737,luna si,1931 peachtree rd.,404/355-5993,3.71
1738,mambo restaurante cubano,1402 n. highland ave.,404/874-2626,4.13
1739,mckinnon's louisiane,3209 maple dr.,404/237-1313,4.44
1740,mi spia dunwoody rd.,park place  across from perimeter mall  dunwoody,770/393-1333,4.19
1741,nickiemoto's: a sushi bar,247 buckhead ave.  east village sq.,404/842-0334,4.24
1742,palisades,1829 peachtree rd.,404/350-6755,3.78
1743,pleasant peasant,555 peachtree st.  at linden ave.,404/874-3223,3.5
1744,pricci,500 pharr rd.,404/237-2941,4.08
1745,r.j.'s uptown kitchen & w,870 n. highland ave.,404/875-7775,2
1746,rib ranch,25 irby ave.,404/233-7644,3.67
1747,sa tsu ki,3043 buford hwy.,404/325-5285,4
1748,sato sushi and thai,6050 peachtree pkwy.  norcross,770/449-0033,3.3
1749,south city kitchen,1144 crescent ave.,404/873-7358,4.39
1750,south of france,2345 cheshire bridge rd.,404/325-6963,3.58
1751,stringer's fish camp and ,3384 shallowford rd.  chamblee,770/458-7145,3.5
1752,sundown cafe,2165 cheshire bridge rd.,404/321-1118,4
1753,taste of new orleans,889 w. peachtree st.,404/874-5535,3.43
1754,tomtom,3393 peachtree rd.,404/264-1163,3.88
1755,antonio's,3700 w. flamingo,702/252-7737,3
1756,bally's big kitchen,3645 las vegas blvd. s,702/739-4111,3.86
1757,bamboo garden,4850 flamingo rd.,702/871-3262,3.89
1758,battista's hole in the wa,4041 audrie st. at flamingo rd.,702/732-1424,3.5
1759,bertolini's,3570 las vegas blvd. s,702/735-4663,4
1760,binion's coffee shop,128 fremont st.,702/382-1600,3.62
1761,bistro,3400 las vegas blvd. s,702/791-7111,2.64
1762,broiler,4111 boulder hwy.,702/432-7777,4.38
1763,bugsy's diner,3555 las vegas blvd. s,702/733-3111,4.33
1764,cafe michelle,1350 e. flamingo rd.,702/735-8686,4.36
1765,cafe roma,3570 las vegas blvd. s,702/731-7547,3.96
1766,capozzoli's,3333 s. maryland pkwy.,702/731-5311,3.44
1767,carnival world,3700 w. flamingo rd.,702/252-7777,4.24
1768,center stage plaza hotel,1 main st.,702/386-2512,4.22
1769,circus circus,2880 las vegas blvd. s,702/734-0410,4.15
1770,empress court,3570 las vegas blvd. s,702/731-7888,4.46
1771,feast,2411 w. sahara ave.,702/367-2411,4.46
1772,golden nugget hotel,129 e. fremont st.,702/385-7111,5
1773,golden steer,308 w. sahara ave.,702/384-4470,4
1774,lillie langtry's,129 e. fremont st.,702/385-7111,4
1775,mandarin court,1510 e. flamingo rd.,702/737-1234,4
1776,margarita's mexican canti,3120 las vegas blvd. s,702/794-8200,3.93
1777,mary's diner,5111 w. boulder hwy.,702/454-8073,3.47
1778,mikado,3400 las vegas blvd. s,702/791-7111,4.2
1779,pamplemousse,400 e. sahara ave.,702/733-2066,3.58
1780,ralph's diner,3000 las vegas blvd. s,702/732-6330,4
1781,the bacchanal,3570 las vegas blvd. s,702/731-7525,2.43
1782,venetian,3713 w. sahara ave.,702/876-4190,4.25
1783,viva mercado's,6182 w. flamingo rd.,702/871-8826,5
1784,yolie's,3900 paradise rd.,702/794-0700,4.5
1785,2223,2223 market st.,415/431-0692,4.03
1786,acquarello,1722 sacramento st.,415/567-5432,3.55
1787,bardelli's,243 o'farrell st.,415/982-0243,3.54
1788,betelnut,2030 union st.,415/929-8855,3.82
1789,bistro roti,155 steuart st.,415/495-6500,3.88
1790,bix,56 gold st.,415/433-6300,4.44
1791,bizou,598 fourth st.,415/543-2222,4.14
1792,buca giovanni,800 greenwich st.,415/776-7766,3.62
1793,cafe adriano,3347 fillmore st.,415/474-4180,4.01
1794,cafe marimba,2317 chestnut st.,415/776-1506,3.62
1795,california culinary acade,625 polk st.,415/771-3500,3.25
1796,capp's corner,1600 powell st.,415/989-2589,3.82
1797,carta,1772 market st.,415/863-3516,3.82
1798,chevys,4th and howard sts.,415/543-8060,3.7
1799,cypress club,500 jackson st.,415/296-8555,4
1800,des alpes,732 broadway,415/788-9900,2
1801,faz,161 sutter st.,415/362-0404,3.73
1802,fog city diner,1300 battery st.,415/982-2000,3.82
1803,garden court,market and new montgomery sts.,415/546-5011,3.88
1804,gaylord's,ghirardelli sq.,415/771-8822,3.97
1805,grand cafe hotel monaco,501 geary st.,415/292-0101,4.44
1806,greens,bldg. a fort mason,415/771-6222,4.14
1807,harbor village,4 embarcadero center,415/781-8833,2.5
1808,harris',2100 van ness ave.,415/673-1888,3.62
1809,harry denton's,161 steuart st.,415/882-1333,3
1810,hayes street grill,320 hayes st.,415/863-5545,3.67
1811,helmand,430 broadway,415/362-0641,3.8
1812,hong kong flower lounge,5322 geary blvd.,415/668-8998,2.82
1813,hong kong villa,2332 clement st.,415/752-8833,3
1814,hyde street bistro,1521 hyde st.,415/441-7778,4
1815,il fornaio levi's plaza,1265 battery st.,415/986-0100,3.42
1816,izzy's steak & chop house,3345 steiner st.,415/563-0487,4
1817,jack's,615 sacramento st.,415/986-9854,4.4
1818,kabuto sushi,5116 geary blvd.,415/752-5652,3.89
1819,katia's,600 5th ave.,415/668-9292,4.3
1820,kuleto's,221 powell st.,415/397-7720,4.09
1821,kyo-ya. sheraton palace h,2 new montgomery st.  at market st.,415/546-5000,3.89
1822,l'osteria del forno,519 columbus ave.,415/982-1124,4.28
1823,le central,453 bush st.,415/391-2233,4.67
1824,le soleil,133 clement st.,415/668-4848,4.27
1825,macarthur park,607 front st.,415/398-5700,3.57
1826,manora,3226 mission st.,415/861-6224,4.17
1827,maykadeh,470 green st.,415/362-8286,3.23
1828,mccormick & kuleto's,ghirardelli sq.,415/929-1730,4
1829,millennium,246 mcallister st.,415/487-9800,3.48
1830,moose's,1652 stockton st.,415/989-7800,4.16
1831,north india,3131 webster st.,415/931-1556,5
1832,one market,1 market st.,415/777-5577,3.33
1833,oritalia,1915 fillmore st.,415/346-1333,3.62
1834,pacific pan pacific hotel,500 post st.,415/929-2087,4.45
1835,palio d'asti,640 sacramento st.,415/395-9800,4.39
1836,pane e vino,3011 steiner st.,415/346-2111,3.54
1837,pastis,1015 battery st.,415/391-2555,3.97
1838,perry's,1944 union st.,415/922-9022,4.2
1839,r&g lounge,631 b kearny st.,415/982-7877,4.56
1840,rubicon,558 sacramento st.,415/434-4100,3.78
1841,rumpus,1 tillman pl.,415/421-2300,4
1842,sanppo,1702 post st.,415/346-3486,4.17
1843,scala's bistro,432 powell st.,415/395-8555,3.5
1844,south park cafe,108 south park,415/495-7275,4.22
1845,splendido embarcadero,4,415/986-3222,3.6
1846,stars,150 redwood alley,415/861-7827,3.43
1847,stars cafe,500 van ness ave.,415/861-4344,4
1848,stoyanof's cafe,1240 9th ave.,415/664-3664,4
1849,straits cafe,3300 geary blvd.,415/668-1783,5
1850,suppenkuche,601 hayes st.,415/252-9289,4
1851,tadich grill,240 california st.,415/391-2373,3.36
1852,the heights,3235 sacramento st.,415/474-8890,3.94
1853,thepin,298 gough st.,415/863-9335,2.45
1854,ton kiang,3148 geary blvd.,415/752-4440,4.22
1855,vertigo,600 montgomery st.,415/433-7250,5
1856,vivande porta via,2125 fillmore st.,415/346-4430,3.43
1857,vivande ristorante,670 golden gate ave.,415/673-9245,4.17
1858,world wrapps,2257 chestnut st.,415/563-9727,0
1859,wu kong,101 spear st.,415/957-9300,4
1860,yank sing,427 battery st.,415/541-4949,3.6
1861,yaya cuisine,1220 9th ave.,415/566-6966,2.45
1862,yoyo tsumami bistro,1611 post st.,415/922-7788,4
1863,zarzuela,2000 hyde st.,415/346-0800,4
1864,zuni cafe & grill,1658 market st.,415/552-2522,5
